listing_id,date,available,price
13876,2025-09-22,t,USD 168.61
13876,2025-09-29,t,USD 172.92
13876,2025-10-06,t,USD 172.26
13876,2025-10-13,t,USD 168.65
13876,2025-10-20,t,USD 169.39
13876,2025-10-27,t,USD 168.29
13876,2025-11-03,t,USD 156.81
13876,2025-11-10,t,USD 160.53
13876,2025-11-17,t,USD 170.83
13876,2025-11-24,t,USD 173.05
13876,2025-12-01,t,USD 176.69
13876,2025-12-08,t,USD 186.38
13876,2025-12-15,t,USD 186.39
13876,2025-12-22,t,USD 182.14
13876,2025-12-29,t,USD 186.43
13876,2026-01-05,t,USD 164.70
13876,2026-01-12,t,USD 172.20
13876,2026-01-19,t,USD 158.76
13876,2026-01-26,t,USD 157.66
13876,2026-02-02,t,USD 163.20
13876,2026-02-09,t,USD 171.94
13876,2026-02-16,t,USD 161.48
13876,2026-02-23,t,USD 172.47
13876,2026-03-02,t,USD 161.88
13876,2026-03-09,t,USD 162.97
13876,2026-03-16,t,USD 164.05
13876,2026-03-23,t,USD 163.51
13876,2026-03-30,t,USD 161.30
13876,2026-04-06,t,USD 157.76
13876,2026-04-13,t,USD 158.31
13876,2026-04-20,t,USD 163.98
13876,2026-04-27,t,USD 163.59
13876,2026-05-04,t,USD 160.02
13876,2026-05-11,t,USD 171.77
13876,2026-05-18,t,USD 158.12
13876,2026-05-25,t,USD 169.86
13876,2026-06-01,t,USD 182.56
13876,2026-06-08,t,USD 179.11
13876,2026-06-15,t,USD 177.39
13876,2026-06-22,t,USD 175.81
13876,2026-06-29,t,USD 173.74
13876,2026-07-06,t,USD 181.88
13876,2026-07-13,t,USD 185.55
13876,2026-07-20,t,USD 174.57
13876,2026-07-27,t,USD 173.71
13876,2026-08-03,t,USD 189.16
13876,2026-08-10,t,USD 174.15
13876,2026-08-17,t,USD 189.36
13876,2026-08-24,t,USD 174.93
13876,2026-08-31,t,USD 177.38
13876,2026-09-07,t,USD 164.37
13876,2026-09-14,t,USD 158.53
40803,2025-09-22,t,USD 190.99
40803,2025-09-29,f,USD 188.36
40803,2025-10-06,t,USD 183.40
40803,2025-10-13,f,USD 193.74
40803,2025-10-20,f,USD 187.15
40803,2025-10-27,t,USD 191.51
40803,2025-11-03,t,USD 191.39
40803,2025-11-10,f,USD 198.31
40803,2025-11-17,f,USD 187.21
40803,2025-11-24,f,USD 197.77
40803,2025-12-01,t,USD 206.12
40803,2025-12-08,f,USD 201.93
40803,2025-12-15,f,USD 206.09
40803,2025-12-22,f,USD 202.90
40803,2025-12-29,f,USD 217.09
40803,2026-01-05,f,USD 181.41
40803,2026-01-12,t,USD 191.23
40803,2026-01-19,f,USD 198.29
40803,2026-01-26,t,USD 194.64
40803,2026-02-02,f,USD 187.42
40803,2026-02-09,f,USD 186.22
40803,2026-02-16,f,USD 186.43
40803,2026-02-23,f,USD 196.58
40803,2026-03-02,f,USD 199.05
40803,2026-03-09,t,USD 193.17
40803,2026-03-16,t,USD 189.50
40803,2026-03-23,t,USD 199.33
40803,2026-03-30,t,USD 192.99
40803,2026-04-06,t,USD 190.01
40803,2026-04-13,t,USD 190.05
40803,2026-04-20,t,USD 191.91
40803,2026-04-27,t,USD 192.44
40803,2026-05-04,t,USD 189.85
40803,2026-05-11,t,USD 188.56
40803,2026-05-18,t,USD 196.73
40803,2026-05-25,t,USD 193.28
40803,2026-06-01,f,USD 218.08
40803,2026-06-08,f,USD 202.79
40803,2026-06-15,f,USD 207.58
40803,2026-06-22,f,USD 199.69
40803,2026-06-29,f,USD 214.28
40803,2026-07-06,f,USD 205.90
40803,2026-07-13,f,USD 203.64
40803,2026-07-20,f,USD 212.54
40803,2026-07-27,f,USD 203.92
40803,2026-08-03,f,USD 212.90
40803,2026-08-10,f,USD 208.72
40803,2026-08-17,t,USD 203.17
40803,2026-08-24,t,USD 211.34
40803,2026-08-31,t,USD 213.75
40803,2026-09-07,t,USD 181.64
40803,2026-09-14,t,USD 184.12
55990,2025-09-22,t,USD 169.42
55990,2025-09-29,f,USD 167.80
55990,2025-10-06,t,USD 164.53
55990,2025-10-13,t,USD 154.80
55990,2025-10-20,t,USD 155.17
55990,2025-10-27,f,USD 160.71
55990,2025-11-03,t,USD 163.09
55990,2025-11-10,t,USD 167.22
55990,2025-11-17,t,USD 169.62
55990,2025-11-24,f,USD 156.02
55990,2025-12-01,f,USD 176.01
55990,2025-12-08,t,USD 178.84
55990,2025-12-15,t,USD 185.45
55990,2025-12-22,f,USD 174.65
55990,2025-12-29,f,USD 177.41
55990,2026-01-05,f,USD 162.85
55990,2026-01-12,f,USD 163.46
55990,2026-01-19,f,USD 155.34
55990,2026-01-26,f,USD 169.70
55990,2026-02-02,f,USD 161.94
55990,2026-02-09,f,USD 161.84
55990,2026-02-16,f,USD 166.01
55990,2026-02-23,t,USD 162.99
55990,2026-03-02,t,USD 166.35
55990,2026-03-09,t,USD 161.58
55990,2026-03-16,t,USD 168.98
55990,2026-03-23,t,USD 169.21
55990,2026-03-30,t,USD 159.04
55990,2026-04-06,t,USD 166.03
55990,2026-04-13,t,USD 167.60
55990,2026-04-20,t,USD 156.96
55990,2026-04-27,t,USD 169.40
55990,2026-05-04,t,USD 158.79
55990,2026-05-11,t,USD 158.85
55990,2026-05-18,t,USD 168.90
55990,2026-05-25,t,USD 162.20
55990,2026-06-01,t,USD 181.52
55990,2026-06-08,t,USD 171.53
55990,2026-06-15,t,USD 171.61
55990,2026-06-22,t,USD 172.18
55990,2026-06-29,t,USD 172.86
55990,2026-07-06,t,USD 178.78
55990,2026-07-13,f,USD 185.34
55990,2026-07-20,t,USD 181.00
55990,2026-07-27,t,USD 179.23
55990,2026-08-03,t,USD 175.30
55990,2026-08-10,t,USD 177.79
55990,2026-08-17,t,USD 186.11
55990,2026-08-24,t,USD 185.43
55990,2026-08-31,t,USD 170.84
55990,2026-09-07,t,USD 161.63
55990,2026-09-14,t,USD 153.91
554205,2025-09-22,t,USD 97.55
554205,2025-09-29,t,USD 98.59
554205,2025-10-06,t,USD 92.84
554205,2025-10-13,t,USD 100.99
554205,2025-10-20,t,USD 99.99
554205,2025-10-27,t,USD 94.46
554205,2025-11-03,t,USD 93.64
554205,2025-11-10,t,USD 96.03
554205,2025-11-17,t,USD 98.07
554205,2025-11-24,t,USD 100.30
554205,2025-12-01,t,USD 104.55
554205,2025-12-08,t,USD 109.33
554205,2025-12-15,f,USD 110.59
554205,2025-12-22,f,USD 103.18
554205,2025-12-29,f,USD 106.34
554205,2026-01-05,f,USD 95.29
554205,2026-01-12,f,USD 92.94
554205,2026-01-19,f,USD 93.41
554205,2026-01-26,f,USD 98.49
554205,2026-02-02,f,USD 97.98
554205,2026-02-09,f,USD 97.75
554205,2026-02-16,f,USD 97.99
554205,2026-02-23,f,USD 99.96
554205,2026-03-02,f,USD 99.42
554205,2026-03-09,f,USD 97.27
554205,2026-03-16,f,USD 99.53
554205,2026-03-23,f,USD 98.11
554205,2026-03-30,f,USD 100.66
554205,2026-04-06,f,USD 94.77
554205,2026-04-13,f,USD 97.65
554205,2026-04-20,f,USD 96.53
554205,2026-04-27,f,USD 93.38
554205,2026-05-04,f,USD 95.96
554205,2026-05-11,f,USD 92.98
554205,2026-05-18,f,USD 95.05
554205,2026-05-25,f,USD 93.10
554205,2026-06-01,f,USD 108.52
554205,2026-06-08,f,USD 102.57
554205,2026-06-15,f,USD 111.07
554205,2026-06-22,f,USD 104.59
554205,2026-06-29,f,USD 110.11
554205,2026-07-06,f,USD 103.28
554205,2026-07-13,f,USD 104.52
554205,2026-07-20,f,USD 103.24
554205,2026-07-27,f,USD 110.44
554205,2026-08-03,f,USD 106.01
554205,2026-08-10,f,USD 104.84
554205,2026-08-17,f,USD 108.49
554205,2026-08-24,f,USD 107.90
554205,2026-08-31,f,USD 106.60
554205,2026-09-07,f,USD 98.97
554205,2026-09-14,f,USD 101.15
162600,2025-09-22,f,USD 804.83
162600,2025-09-29,t,USD 794.39
162600,2025-10-06,f,USD 802.57
162600,2025-10-13,f,USD 803.55
162600,2025-10-20,f,USD 800.86
162600,2025-10-27,f,USD 740.45
162600,2025-11-03,f,USD 803.75
162600,2025-11-10,f,USD 773.73
162600,2025-11-17,f,USD 737.30
162600,2025-11-24,t,USD 808.12
162600,2025-12-01,t,USD 817.22
162600,2025-12-08,f,USD 819.80
162600,2025-12-15,t,USD 870.86
162600,2025-12-22,f,USD 891.55
162600,2025-12-29,f,USD 816.30
162600,2026-01-05,f,USD 773.17
162600,2026-01-12,f,USD 775.39
162600,2026-01-19,f,USD 800.83
162600,2026-01-26,f,USD 788.83
162600,2026-02-02,f,USD 780.42
162600,2026-02-09,f,USD 773.46
162600,2026-02-16,f,USD 767.50
162600,2026-02-23,f,USD 800.16
162600,2026-03-02,f,USD 789.13
162600,2026-03-09,f,USD 789.04
162600,2026-03-16,t,USD 782.58
162600,2026-03-23,t,USD 788.44
162600,2026-03-30,f,USD 787.85
162600,2026-04-06,t,USD 740.99
162600,2026-04-13,f,USD 787.98
162600,2026-04-20,f,USD 770.76
162600,2026-04-27,t,USD 802.93
162600,2026-05-04,t,USD 804.41
162600,2026-05-11,t,USD 803.47
162600,2026-05-18,t,USD 806.66
162600,2026-05-25,f,USD 801.99
162600,2026-06-01,t,USD 819.28
162600,2026-06-08,t,USD 887.53
162600,2026-06-15,t,USD 888.38
162600,2026-06-22,f,USD 882.25
162600,2026-06-29,f,USD 873.89
162600,2026-07-06,t,USD 836.62
162600,2026-07-13,f,USD 862.74
162600,2026-07-20,t,USD 829.02
162600,2026-07-27,t,USD 835.58
162600,2026-08-03,t,USD 844.17
162600,2026-08-10,t,USD 821.51
162600,2026-08-17,t,USD 883.63
162600,2026-08-24,t,USD 843.02
162600,2026-08-31,t,USD 831.78
162600,2026-09-07,t,USD 741.54
162600,2026-09-14,t,USD 805.54
583095,2025-09-22,f,USD 422.53
583095,2025-09-29,f,USD 415.54
583095,2025-10-06,t,USD 424.92
583095,2025-10-13,t,USD 406.10
583095,2025-10-20,t,USD 432.54
583095,2025-10-27,f,USD 403.04
583095,2025-11-03,t,USD 415.72
583095,2025-11-10,t,USD 436.28
583095,2025-11-17,t,USD 444.32
583095,2025-11-24,t,USD 413.36
583095,2025-12-01,f,USD 445.82
583095,2025-12-08,t,USD 475.06
583095,2025-12-15,t,USD 447.34
583095,2025-12-22,t,USD 473.98
583095,2025-12-29,f,USD 449.11
583095,2026-01-05,f,USD 425.06
583095,2026-01-12,t,USD 425.24
583095,2026-01-19,t,USD 420.40
583095,2026-01-26,t,USD 415.42
583095,2026-02-02,t,USD 409.48
583095,2026-02-09,t,USD 420.65
583095,2026-02-16,f,USD 433.39
583095,2026-02-23,t,USD 411.22
583095,2026-03-02,t,USD 410.96
583095,2026-03-09,t,USD 427.36
583095,2026-03-16,t,USD 415.89
583095,2026-03-23,t,USD 441.74
583095,2026-03-30,t,USD 413.33
583095,2026-04-06,t,USD 424.03
583095,2026-04-13,t,USD 414.99
583095,2026-04-20,t,USD 430.85
583095,2026-04-27,t,USD 436.85
583095,2026-05-04,t,USD 418.14
583095,2026-05-11,t,USD 436.35
583095,2026-05-18,t,USD 416.08
583095,2026-05-25,t,USD 432.70
583095,2026-06-01,t,USD 470.43
583095,2026-06-08,t,USD 487.23
583095,2026-06-15,t,USD 454.34
583095,2026-06-22,t,USD 456.46
583095,2026-06-29,t,USD 481.84
583095,2026-07-06,t,USD 484.68
583095,2026-07-13,t,USD 452.08
583095,2026-07-20,t,USD 445.82
583095,2026-07-27,t,USD 475.58
583095,2026-08-03,t,USD 453.68
583095,2026-08-10,t,USD 457.53
583095,2026-08-17,t,USD 475.51
583095,2026-08-24,t,USD 453.87
583095,2026-08-31,t,USD 471.24
583095,2026-09-07,t,USD 435.17
583095,2026-09-14,t,USD 406.02
218378,2025-09-22,t,USD 250.40
218378,2025-09-29,f,USD 246.28
218378,2025-10-06,f,USD 247.42
218378,2025-10-13,f,USD 269.12
218378,2025-10-20,f,USD 255.34
218378,2025-10-27,t,USD 251.98
218378,2025-11-03,f,USD 268.32
218378,2025-11-10,t,USD 258.19
218378,2025-11-17,t,USD 271.03
218378,2025-11-24,t,USD 267.78
218378,2025-12-01,t,USD 278.44
218378,2025-12-08,f,USD 284.89
218378,2025-12-15,f,USD 272.48
218378,2025-12-22,f,USD 283.47
218378,2025-12-29,f,USD 276.34
218378,2026-01-05,f,USD 260.59
218378,2026-01-12,f,USD 255.42
218378,2026-01-19,f,USD 260.25
218378,2026-01-26,f,USD 248.34
218378,2026-02-02,f,USD 249.31
218378,2026-02-09,f,USD 260.13
218378,2026-02-16,f,USD 266.69
218378,2026-02-23,f,USD 263.78
218378,2026-03-02,f,USD 247.73
218378,2026-03-09,f,USD 258.13
218378,2026-03-16,f,USD 265.61
218378,2026-03-23,f,USD 262.21
218378,2026-03-30,f,USD 260.38
218378,2026-04-06,f,USD 267.89
218378,2026-04-13,f,USD 254.01
218378,2026-04-20,f,USD 259.51
218378,2026-04-27,f,USD 270.51
218378,2026-05-04,t,USD 246.92
218378,2026-05-11,t,USD 269.94
218378,2026-05-18,t,USD 264.71
218378,2026-05-25,t,USD 257.39
218378,2026-06-01,t,USD 287.43
218378,2026-06-08,t,USD 278.11
218378,2026-06-15,t,USD 286.20
218378,2026-06-22,t,USD 283.18
218378,2026-06-29,t,USD 287.85
218378,2026-07-06,t,USD 285.12
218378,2026-07-13,t,USD 291.19
218378,2026-07-20,t,USD 282.67
218378,2026-07-27,t,USD 284.05
218378,2026-08-03,t,USD 290.49
218378,2026-08-10,t,USD 295.86
218378,2026-08-17,t,USD 294.81
218378,2026-08-24,t,USD 276.67
218378,2026-08-31,t,USD 280.77
218378,2026-09-07,t,USD 264.60
218378,2026-09-14,t,USD 265.64
669834,2025-09-22,f,USD 68.41
669834,2025-09-29,t,USD 73.47
669834,2025-10-06,t,USD 68.32
669834,2025-10-13,t,USD 69.31
669834,2025-10-20,t,USD 72.40
669834,2025-10-27,t,USD 70.93
669834,2025-11-03,t,USD 74.24
669834,2025-11-10,t,USD 74.38
669834,2025-11-17,t,USD 72.18
669834,2025-11-24,t,USD 70.52
669834,2025-12-01,t,USD 76.46
669834,2025-12-08,t,USD 79.41
669834,2025-12-15,t,USD 75.20
669834,2025-12-22,t,USD 79.87
669834,2025-12-29,f,USD 75.41
669834,2026-01-05,f,USD 71.46
669834,2026-01-12,f,USD 68.98
669834,2026-01-19,f,USD 71.46
669834,2026-01-26,f,USD 71.90
669834,2026-02-02,f,USD 68.95
669834,2026-02-09,f,USD 68.07
669834,2026-02-16,f,USD 73.52
669834,2026-02-23,f,USD 68.66
669834,2026-03-02,f,USD 69.81
669834,2026-03-09,f,USD 73.47
669834,2026-03-16,f,USD 72.83
669834,2026-03-23,f,USD 69.44
669834,2026-03-30,t,USD 71.10
669834,2026-04-06,t,USD 72.22
669834,2026-04-13,t,USD 74.10
669834,2026-04-20,t,USD 70.55
669834,2026-04-27,t,USD 71.08
669834,2026-05-04,t,USD 69.38
669834,2026-05-11,t,USD 68.21
669834,2026-05-18,t,USD 73.88
669834,2026-05-25,t,USD 71.97
669834,2026-06-01,t,USD 80.99
669834,2026-06-08,t,USD 79.76
669834,2026-06-15,t,USD 76.89
669834,2026-06-22,t,USD 80.08
669834,2026-06-29,t,USD 77.71
669834,2026-07-06,t,USD 75.05
669834,2026-07-13,t,USD 78.93
669834,2026-07-20,t,USD 77.47
669834,2026-07-27,t,USD 77.94
669834,2026-08-03,t,USD 78.45
669834,2026-08-10,t,USD 77.99
669834,2026-08-17,t,USD 78.65
669834,2026-08-24,t,USD 77.41
669834,2026-08-31,t,USD 81.13
669834,2026-09-07,t,USD 71.37
669834,2026-09-14,t,USD 69.73
262648,2025-09-22,f,USD 182.45
262648,2025-09-29,t,USD 192.21
262648,2025-10-06,t,USD 193.65
262648,2025-10-13,t,USD 182.31
262648,2025-10-20,f,USD 182.44
262648,2025-10-27,t,USD 192.63
262648,2025-11-03,t,USD 179.35
262648,2025-11-10,t,USD 184.36
262648,2025-11-17,t,USD 186.64
262648,2025-11-24,t,USD 178.20
262648,2025-12-01,t,USD 206.78
262648,2025-12-08,t,USD 208.44
262648,2025-12-15,t,USD 199.89
262648,2025-12-22,t,USD 206.40
262648,2025-12-29,t,USD 203.97
262648,2026-01-05,t,USD 186.95
262648,2026-01-12,t,USD 187.79
262648,2026-01-19,t,USD 179.54
262648,2026-01-26,t,USD 182.84
262648,2026-02-02,t,USD 184.62
262648,2026-02-09,t,USD 194.53
262648,2026-02-16,t,USD 192.44
262648,2026-02-23,t,USD 185.66
262648,2026-03-02,t,USD 189.23
262648,2026-03-09,t,USD 180.41
262648,2026-03-16,t,USD 181.57
262648,2026-03-23,t,USD 187.97
262648,2026-03-30,t,USD 184.38
262648,2026-04-06,t,USD 187.40
262648,2026-04-13,t,USD 184.91
262648,2026-04-20,t,USD 184.67
262648,2026-04-27,t,USD 185.33
262648,2026-05-04,t,USD 182.18
262648,2026-05-11,t,USD 194.51
262648,2026-05-18,t,USD 191.37
262648,2026-05-25,t,USD 179.32
262648,2026-06-01,t,USD 196.54
262648,2026-06-08,t,USD 205.54
262648,2026-06-15,t,USD 196.75
262648,2026-06-22,t,USD 202.71
262648,2026-06-29,t,USD 203.82
262648,2026-07-06,t,USD 201.58
262648,2026-07-13,f,USD 197.99
262648,2026-07-20,t,USD 202.77
262648,2026-07-27,t,USD 202.59
262648,2026-08-03,t,USD 200.24
262648,2026-08-10,t,USD 201.47
262648,2026-08-17,t,USD 199.86
262648,2026-08-24,t,USD 203.64
262648,2026-08-31,t,USD 197.22
262648,2026-09-07,t,USD 191.79
262648,2026-09-14,t,USD 187.70
760196,2025-09-22,t,USD 477.74
760196,2025-09-29,t,USD 464.12
760196,2025-10-06,f,USD 494.71
760196,2025-10-13,f,USD 484.32
760196,2025-10-20,f,USD 469.13
760196,2025-10-27,t,USD 459.05
760196,2025-11-03,t,USD 463.70
760196,2025-11-10,t,USD 491.12
760196,2025-11-17,t,USD 480.58
760196,2025-11-24,f,USD 482.09
760196,2025-12-01,t,USD 504.13
760196,2025-12-08,t,USD 497.65
760196,2025-12-15,t,USD 536.23
760196,2025-12-22,t,USD 502.48
760196,2025-12-29,t,USD 498.89
760196,2026-01-05,t,USD 452.10
760196,2026-01-12,t,USD 475.74
760196,2026-01-19,t,USD 481.00
760196,2026-01-26,t,USD 479.44
760196,2026-02-02,t,USD 489.67
760196,2026-02-09,f,USD 450.19
760196,2026-02-16,t,USD 486.16
760196,2026-02-23,t,USD 450.52
760196,2026-03-02,t,USD 474.07
760196,2026-03-09,t,USD 469.21
760196,2026-03-16,t,USD 459.46
760196,2026-03-23,t,USD 470.38
760196,2026-03-30,t,USD 466.47
760196,2026-04-06,f,USD 477.30
760196,2026-04-13,t,USD 458.88
760196,2026-04-20,f,USD 460.08
760196,2026-04-27,t,USD 484.72
760196,2026-05-04,t,USD 490.65
760196,2026-05-11,t,USD 482.61
760196,2026-05-18,t,USD 488.94
760196,2026-05-25,t,USD 463.33
760196,2026-06-01,t,USD 497.83
760196,2026-06-08,t,USD 512.20
760196,2026-06-15,f,USD 528.15
760196,2026-06-22,t,USD 521.40
760196,2026-06-29,t,USD 538.59
760196,2026-07-06,t,USD 504.24
760196,2026-07-13,t,USD 542.36
760196,2026-07-20,t,USD 502.96
760196,2026-07-27,t,USD 541.02
760196,2026-08-03,t,USD 541.13
760196,2026-08-10,t,USD 526.01
760196,2026-08-17,t,USD 497.72
760196,2026-08-24,t,USD 511.14
760196,2026-08-31,t,USD 518.92
760196,2026-09-07,t,USD 451.36
760196,2026-09-14,t,USD 478.64
860378,2025-09-22,f,USD 186.08
860378,2025-09-29,f,USD 173.93
860378,2025-10-06,f,USD 170.64
860378,2025-10-13,f,USD 182.79
860378,2025-10-20,f,USD 170.98
860378,2025-10-27,f,USD 184.78
860378,2025-11-03,f,USD 172.15
860378,2025-11-10,f,USD 186.89
860378,2025-11-17,f,USD 177.04
860378,2025-11-24,f,USD 184.29
860378,2025-12-01,f,USD 187.16
860378,2025-12-08,f,USD 196.16
860378,2025-12-15,f,USD 189.06
860378,2025-12-22,f,USD 194.79
860378,2025-12-29,t,USD 194.02
860378,2026-01-05,f,USD 178.81
860378,2026-01-12,f,USD 174.80
860378,2026-01-19,t,USD 169.73
860378,2026-01-26,f,USD 175.64
860378,2026-02-02,f,USD 183.36
860378,2026-02-09,f,USD 171.87
860378,2026-02-16,t,USD 171.05
860378,2026-02-23,f,USD 182.10
860378,2026-03-02,t,USD 177.41
860378,2026-03-09,f,USD 171.35
860378,2026-03-16,f,USD 175.78
860378,2026-03-23,t,USD 179.23
860378,2026-03-30,t,USD 173.74
860378,2026-04-06,f,USD 173.15
860378,2026-04-13,t,USD 186.50
860378,2026-04-20,f,USD 172.71
860378,2026-04-27,t,USD 171.78
860378,2026-05-04,t,USD 180.37
860378,2026-05-11,t,USD 180.64
860378,2026-05-18,f,USD 177.16
860378,2026-05-25,t,USD 173.15
860378,2026-06-01,f,USD 204.01
860378,2026-06-08,t,USD 199.84
860378,2026-06-15,f,USD 204.53
860378,2026-06-22,t,USD 189.02
860378,2026-06-29,t,USD 198.79
860378,2026-07-06,t,USD 187.35
860378,2026-07-13,t,USD 201.54
860378,2026-07-20,t,USD 203.32
860378,2026-07-27,t,USD 197.00
860378,2026-08-03,t,USD 189.98
860378,2026-08-10,t,USD 195.33
860378,2026-08-17,t,USD 187.61
860378,2026-08-24,t,USD 196.52
860378,2026-08-31,t,USD 187.72
860378,2026-09-07,t,USD 183.93
860378,2026-09-14,t,USD 184.39
950167,2025-09-22,t,USD 130.28
950167,2025-09-29,f,USD 131.96
950167,2025-10-06,t,USD 121.60
950167,2025-10-13,t,USD 126.80
950167,2025-10-20,t,USD 125.18
950167,2025-10-27,t,USD 124.46
950167,2025-11-03,t,USD 132.27
950167,2025-11-10,t,USD 122.44
950167,2025-11-17,t,USD 132.15
950167,2025-11-24,t,USD 130.94
950167,2025-12-01,t,USD 133.92
950167,2025-12-08,t,USD 136.96
950167,2025-12-15,t,USD 140.61
950167,2025-12-22,t,USD 132.45
950167,2025-12-29,t,USD 136.00
950167,2026-01-05,t,USD 127.96
950167,2026-01-12,t,USD 129.50
950167,2026-01-19,t,USD 123.46
950167,2026-01-26,t,USD 125.83
950167,2026-02-02,t,USD 125.56
950167,2026-02-09,t,USD 130.19
950167,2026-02-16,t,USD 128.72
950167,2026-02-23,t,USD 123.09
950167,2026-03-02,t,USD 128.68
950167,2026-03-09,t,USD 128.45
950167,2026-03-16,t,USD 131.59
950167,2026-03-23,t,USD 122.88
950167,2026-03-30,t,USD 122.43
950167,2026-04-06,t,USD 130.86
950167,2026-04-13,t,USD 126.14
950167,2026-04-20,t,USD 131.24
950167,2026-04-27,t,USD 121.32
950167,2026-05-04,t,USD 126.61
950167,2026-05-11,t,USD 120.01
950167,2026-05-18,t,USD 124.01
950167,2026-05-25,t,USD 125.07
950167,2026-06-01,t,USD 139.99
950167,2026-06-08,t,USD 141.76
950167,2026-06-15,t,USD 132.53
950167,2026-06-22,t,USD 144.86
950167,2026-06-29,t,USD 143.31
950167,2026-07-06,t,USD 143.15
950167,2026-07-13,t,USD 133.30
950167,2026-07-20,t,USD 141.57
950167,2026-07-27,t,USD 142.70
950167,2026-08-03,t,USD 134.96
950167,2026-08-10,t,USD 143.12
950167,2026-08-17,t,USD 142.34
950167,2026-08-24,t,USD 141.34
950167,2026-08-31,t,USD 133.49
950167,2026-09-07,t,USD 131.19
950167,2026-09-14,t,USD 123.08
2191014,2025-09-22,f,USD 117.98
2191014,2025-09-29,f,USD 116.30
2191014,2025-10-06,f,USD 113.66
2191014,2025-10-13,f,USD 120.85
2191014,2025-10-20,f,USD 119.59
2191014,2025-10-27,f,USD 119.14
2191014,2025-11-03,f,USD 123.29
2191014,2025-11-10,f,USD 116.93
2191014,2025-11-17,t,USD 123.50
2191014,2025-11-24,t,USD 122.62
2191014,2025-12-01,t,USD 132.94
2191014,2025-12-08,t,USD 125.96
2191014,2025-12-15,t,USD 129.57
2191014,2025-12-22,t,USD 136.25
2191014,2025-12-29,t,USD 131.17
2191014,2026-01-05,f,USD 121.85
2191014,2026-01-12,f,USD 113.80
2191014,2026-01-19,f,USD 117.72
2191014,2026-01-26,f,USD 116.10
2191014,2026-02-02,f,USD 119.77
2191014,2026-02-09,f,USD 113.26
2191014,2026-02-16,f,USD 121.35
2191014,2026-02-23,f,USD 113.66
2191014,2026-03-02,f,USD 114.96
2191014,2026-03-09,f,USD 123.17
2191014,2026-03-16,f,USD 123.73
2191014,2026-03-23,f,USD 122.55
2191014,2026-03-30,f,USD 115.09
2191014,2026-04-06,t,USD 114.85
2191014,2026-04-13,t,USD 124.04
2191014,2026-04-20,t,USD 118.76
2191014,2026-04-27,t,USD 115.31
2191014,2026-05-04,t,USD 123.04
2191014,2026-05-11,t,USD 120.32
2191014,2026-05-18,t,USD 113.20
2191014,2026-05-25,t,USD 114.75
2191014,2026-06-01,t,USD 125.95
2191014,2026-06-08,t,USD 129.16
2191014,2026-06-15,t,USD 133.89
2191014,2026-06-22,t,USD 125.54
2191014,2026-06-29,t,USD 135.72
2191014,2026-07-06,t,USD 126.13
2191014,2026-07-13,t,USD 132.80
2191014,2026-07-20,t,USD 136.22
2191014,2026-07-27,t,USD 125.31
2191014,2026-08-03,t,USD 136.40
2191014,2026-08-10,t,USD 131.87
2191014,2026-08-17,t,USD 135.13
2191014,2026-08-24,t,USD 134.30
2191014,2026-08-31,t,USD 129.46
2191014,2026-09-07,t,USD 114.89
2191014,2026-09-14,t,USD 114.71
2303459,2025-09-22,f,USD 109.19
2303459,2025-09-29,f,USD 114.25
2303459,2025-10-06,f,USD 113.99
2303459,2025-10-13,f,USD 106.22
2303459,2025-10-20,t,USD 109.72
2303459,2025-10-27,f,USD 111.23
2303459,2025-11-03,f,USD 109.65
2303459,2025-11-10,f,USD 107.07
2303459,2025-11-17,t,USD 110.97
2303459,2025-11-24,t,USD 112.55
2303459,2025-12-01,t,USD 118.22
2303459,2025-12-08,t,USD 123.68
2303459,2025-12-15,f,USD 114.99
2303459,2025-12-22,t,USD 125.09
2303459,2025-12-29,t,USD 116.31
2303459,2026-01-05,t,USD 104.77
2303459,2026-01-12,t,USD 113.51
2303459,2026-01-19,t,USD 104.79
2303459,2026-01-26,t,USD 105.08
2303459,2026-02-02,t,USD 114.15
2303459,2026-02-09,t,USD 112.81
2303459,2026-02-16,t,USD 113.43
2303459,2026-02-23,t,USD 106.94
2303459,2026-03-02,t,USD 110.27
2303459,2026-03-09,t,USD 110.72
2303459,2026-03-16,t,USD 104.94
2303459,2026-03-23,t,USD 111.04
2303459,2026-03-30,t,USD 114.38
2303459,2026-04-06,t,USD 113.51
2303459,2026-04-13,t,USD 113.03
2303459,2026-04-20,t,USD 109.74
2303459,2026-04-27,t,USD 106.55
2303459,2026-05-04,t,USD 105.48
2303459,2026-05-11,t,USD 113.43
2303459,2026-05-18,t,USD 107.74
2303459,2026-05-25,t,USD 111.66
2303459,2026-06-01,t,USD 118.88
2303459,2026-06-08,t,USD 114.96
2303459,2026-06-15,f,USD 125.01
2303459,2026-06-22,f,USD 117.87
2303459,2026-06-29,f,USD 116.52
2303459,2026-07-06,f,USD 124.04
2303459,2026-07-13,f,USD 123.36
2303459,2026-07-20,f,USD 114.74
2303459,2026-07-27,f,USD 120.01
2303459,2026-08-03,f,USD 123.86
2303459,2026-08-10,f,USD 119.04
2303459,2026-08-17,f,USD 120.76
2303459,2026-08-24,f,USD 120.31
2303459,2026-08-31,f,USD 123.21
2303459,2026-09-07,f,USD 111.23
2303459,2026-09-14,f,USD 113.69
2310670,2025-09-22,f,USD 415.54
2310670,2025-09-29,f,USD 437.50
2310670,2025-10-06,t,USD 448.36
2310670,2025-10-13,f,USD 423.28
2310670,2025-10-20,f,USD 424.03
2310670,2025-10-27,t,USD 408.18
2310670,2025-11-03,f,USD 417.29
2310670,2025-11-10,f,USD 429.32
2310670,2025-11-17,t,USD 417.44
2310670,2025-11-24,f,USD 416.45
2310670,2025-12-01,t,USD 490.56
2310670,2025-12-08,t,USD 490.18
2310670,2025-12-15,t,USD 481.54
2310670,2025-12-22,f,USD 458.34
2310670,2025-12-29,f,USD 455.47
2310670,2026-01-05,f,USD 426.14
2310670,2026-01-12,f,USD 448.19
2310670,2026-01-19,f,USD 448.59
2310670,2026-01-26,t,USD 449.08
2310670,2026-02-02,t,USD 444.52
2310670,2026-02-09,t,USD 407.91
2310670,2026-02-16,t,USD 426.09
2310670,2026-02-23,f,USD 416.23
2310670,2026-03-02,t,USD 408.98
2310670,2026-03-09,f,USD 429.60
2310670,2026-03-16,f,USD 442.58
2310670,2026-03-23,f,USD 433.51
2310670,2026-03-30,f,USD 407.80
2310670,2026-04-06,t,USD 418.56
2310670,2026-04-13,t,USD 412.45
2310670,2026-04-20,t,USD 439.77
2310670,2026-04-27,t,USD 430.91
2310670,2026-05-04,f,USD 436.31
2310670,2026-05-11,t,USD 414.89
2310670,2026-05-18,t,USD 410.75
2310670,2026-05-25,f,USD 444.03
2310670,2026-06-01,t,USD 464.37
2310670,2026-06-08,t,USD 485.98
2310670,2026-06-15,f,USD 477.78
2310670,2026-06-22,t,USD 459.78
2310670,2026-06-29,t,USD 450.09
2310670,2026-07-06,t,USD 474.45
2310670,2026-07-13,t,USD 464.17
2310670,2026-07-20,t,USD 455.48
2310670,2026-07-27,t,USD 459.54
2310670,2026-08-03,f,USD 452.45
2310670,2026-08-10,f,USD 483.01
2310670,2026-08-17,t,USD 460.23
2310670,2026-08-24,t,USD 473.36
2310670,2026-08-31,t,USD 456.21
2310670,2026-09-07,t,USD 429.61
2310670,2026-09-14,t,USD 439.54
1339958,2025-09-22,f,USD 431.40
1339958,2025-09-29,f,USD 407.02
1339958,2025-10-06,f,USD 400.72
1339958,2025-10-13,t,USD 410.99
1339958,2025-10-20,f,USD 414.62
1339958,2025-10-27,f,USD 405.27
1339958,2025-11-03,f,USD 406.23
1339958,2025-11-10,f,USD 425.78
1339958,2025-11-17,t,USD 412.60
1339958,2025-11-24,f,USD 433.51
1339958,2025-12-01,t,USD 446.48
1339958,2025-12-08,f,USD 459.06
1339958,2025-12-15,t,USD 451.88
1339958,2025-12-22,f,USD 446.17
1339958,2025-12-29,f,USD 453.16
1339958,2026-01-05,t,USD 436.99
1339958,2026-01-12,t,USD 423.74
1339958,2026-01-19,f,USD 412.46
1339958,2026-01-26,f,USD 431.45
1339958,2026-02-02,t,USD 402.37
1339958,2026-02-09,t,USD 419.37
1339958,2026-02-16,t,USD 398.33
1339958,2026-02-23,f,USD 403.77
1339958,2026-03-02,t,USD 412.19
1339958,2026-03-09,t,USD 437.24
1339958,2026-03-16,t,USD 399.10
1339958,2026-03-23,t,USD 417.54
1339958,2026-03-30,f,USD 409.09
1339958,2026-04-06,t,USD 417.17
1339958,2026-04-13,t,USD 401.57
1339958,2026-04-20,t,USD 425.48
1339958,2026-04-27,t,USD 431.83
1339958,2026-05-04,t,USD 415.13
1339958,2026-05-11,t,USD 400.81
1339958,2026-05-18,t,USD 427.04
1339958,2026-05-25,t,USD 419.55
1339958,2026-06-01,t,USD 448.14
1339958,2026-06-08,t,USD 473.48
1339958,2026-06-15,t,USD 455.86
1339958,2026-06-22,f,USD 472.29
1339958,2026-06-29,t,USD 475.59
1339958,2026-07-06,t,USD 471.26
1339958,2026-07-13,t,USD 457.48
1339958,2026-07-20,t,USD 481.64
1339958,2026-07-27,t,USD 480.13
1339958,2026-08-03,t,USD 472.10
1339958,2026-08-10,t,USD 458.08
1339958,2026-08-17,t,USD 479.01
1339958,2026-08-24,t,USD 456.39
1339958,2026-08-31,t,USD 456.27
1339958,2026-09-07,t,USD 399.28
1339958,2026-09-14,t,USD 432.73
2942033,2025-09-22,t,USD 75.34
2942033,2025-09-29,f,USD 73.18
2942033,2025-10-06,t,USD 76.42
2942033,2025-10-13,t,USD 77.42
2942033,2025-10-20,t,USD 73.23
2942033,2025-10-27,t,USD 73.16
2942033,2025-11-03,t,USD 78.19
2942033,2025-11-10,t,USD 73.20
2942033,2025-11-17,t,USD 76.80
2942033,2025-11-24,t,USD 73.32
2942033,2025-12-01,t,USD 80.06
2942033,2025-12-08,t,USD 80.72
2942033,2025-12-15,t,USD 84.39
2942033,2025-12-22,t,USD 85.58
2942033,2025-12-29,t,USD 86.05
2942033,2026-01-05,t,USD 75.91
2942033,2026-01-12,t,USD 73.25
2942033,2026-01-19,f,USD 78.16
2942033,2026-01-26,f,USD 74.34
2942033,2026-02-02,f,USD 73.05
2942033,2026-02-09,f,USD 72.62
2942033,2026-02-16,t,USD 75.81
2942033,2026-02-23,t,USD 75.66
2942033,2026-03-02,t,USD 78.66
2942033,2026-03-09,t,USD 75.20
2942033,2026-03-16,t,USD 73.22
2942033,2026-03-23,t,USD 75.92
2942033,2026-03-30,t,USD 74.63
2942033,2026-04-06,t,USD 72.64
2942033,2026-04-13,t,USD 73.95
2942033,2026-04-20,t,USD 72.85
2942033,2026-04-27,t,USD 72.86
2942033,2026-05-04,t,USD 74.03
2942033,2026-05-11,t,USD 74.98
2942033,2026-05-18,t,USD 76.57
2942033,2026-05-25,t,USD 71.51
2942033,2026-06-01,t,USD 79.36
2942033,2026-06-08,t,USD 84.77
2942033,2026-06-15,t,USD 83.26
2942033,2026-06-22,t,USD 82.81
2942033,2026-06-29,t,USD 80.75
2942033,2026-07-06,t,USD 80.33
2942033,2026-07-13,t,USD 85.13
2942033,2026-07-20,t,USD 85.20
2942033,2026-07-27,t,USD 81.80
2942033,2026-08-03,t,USD 79.87
2942033,2026-08-10,t,USD 80.91
2942033,2026-08-17,t,USD 80.56
2942033,2026-08-24,t,USD 81.65
2942033,2026-08-31,t,USD 79.51
2942033,2026-09-07,t,USD 73.78
2942033,2026-09-14,t,USD 75.57
2987705,2025-09-22,f,USD 131.00
2987705,2025-09-29,f,USD 133.46
2987705,2025-10-06,f,USD 131.41
2987705,2025-10-13,f,USD 138.22
2987705,2025-10-20,f,USD 135.83
2987705,2025-10-27,f,USD 141.99
2987705,2025-11-03,f,USD 133.86
2987705,2025-11-10,f,USD 140.41
2987705,2025-11-17,f,USD 141.62
2987705,2025-11-24,f,USD 132.00
2987705,2025-12-01,f,USD 151.54
2987705,2025-12-08,t,USD 152.95
2987705,2025-12-15,f,USD 148.18
2987705,2025-12-22,f,USD 144.52
2987705,2025-12-29,f,USD 146.70
2987705,2026-01-05,f,USD 140.71
2987705,2026-01-12,f,USD 137.75
2987705,2026-01-19,f,USD 139.43
2987705,2026-01-26,t,USD 131.66
2987705,2026-02-02,t,USD 141.65
2987705,2026-02-09,f,USD 138.66
2987705,2026-02-16,f,USD 133.61
2987705,2026-02-23,f,USD 137.30
2987705,2026-03-02,t,USD 140.90
2987705,2026-03-09,f,USD 138.94
2987705,2026-03-16,f,USD 136.50
2987705,2026-03-23,t,USD 142.57
2987705,2026-03-30,t,USD 143.58
2987705,2026-04-06,t,USD 137.65
2987705,2026-04-13,t,USD 133.70
2987705,2026-04-20,f,USD 142.27
2987705,2026-04-27,t,USD 136.36
2987705,2026-05-04,f,USD 132.74
2987705,2026-05-11,t,USD 134.12
2987705,2026-05-18,t,USD 131.33
2987705,2026-05-25,f,USD 140.74
2987705,2026-06-01,t,USD 156.06
2987705,2026-06-08,f,USD 147.35
2987705,2026-06-15,t,USD 149.12
2987705,2026-06-22,t,USD 146.71
2987705,2026-06-29,t,USD 154.57
2987705,2026-07-06,t,USD 152.35
2987705,2026-07-13,t,USD 155.71
2987705,2026-07-20,t,USD 155.33
2987705,2026-07-27,t,USD 152.52
2987705,2026-08-03,f,USD 146.60
2987705,2026-08-10,f,USD 157.18
2987705,2026-08-17,t,USD 153.63
2987705,2026-08-24,t,USD 152.66
2987705,2026-08-31,t,USD 145.98
2987705,2026-09-07,t,USD 142.53
2987705,2026-09-14,t,USD 143.76
3005946,2025-09-22,f,USD 124.90
3005946,2025-09-29,t,USD 121.13
3005946,2025-10-06,f,USD 127.35
3005946,2025-10-13,f,USD 126.66
3005946,2025-10-20,t,USD 121.48
3005946,2025-10-27,t,USD 127.74
3005946,2025-11-03,f,USD 129.94
3005946,2025-11-10,f,USD 122.43
3005946,2025-11-17,f,USD 128.78
3005946,2025-11-24,f,USD 128.34
3005946,2025-12-01,t,USD 139.21
3005946,2025-12-08,f,USD 140.18
3005946,2025-12-15,f,USD 141.01
3005946,2025-12-22,t,USD 135.36
3005946,2025-12-29,f,USD 140.11
3005946,2026-01-05,f,USD 120.52
3005946,2026-01-12,f,USD 127.29
3005946,2026-01-19,f,USD 129.12
3005946,2026-01-26,f,USD 119.61
3005946,2026-02-02,t,USD 124.92
3005946,2026-02-09,t,USD 125.36
3005946,2026-02-16,f,USD 126.65
3005946,2026-02-23,f,USD 124.03
3005946,2026-03-02,t,USD 123.73
3005946,2026-03-09,t,USD 121.25
3005946,2026-03-16,t,USD 123.93
3005946,2026-03-23,t,USD 127.61
3005946,2026-03-30,t,USD 121.36
3005946,2026-04-06,t,USD 126.37
3005946,2026-04-13,t,USD 127.97
3005946,2026-04-20,t,USD 129.67
3005946,2026-04-27,t,USD 121.36
3005946,2026-05-04,t,USD 125.78
3005946,2026-05-11,t,USD 120.79
3005946,2026-05-18,t,USD 122.71
3005946,2026-05-25,t,USD 125.48
3005946,2026-06-01,t,USD 139.70
3005946,2026-06-08,t,USD 131.98
3005946,2026-06-15,t,USD 135.90
3005946,2026-06-22,t,USD 139.12
3005946,2026-06-29,t,USD 136.29
3005946,2026-07-06,t,USD 140.98
3005946,2026-07-13,t,USD 136.34
3005946,2026-07-20,t,USD 136.46
3005946,2026-07-27,t,USD 142.61
3005946,2026-08-03,t,USD 131.63
3005946,2026-08-10,t,USD 137.23
3005946,2026-08-17,t,USD 138.03
3005946,2026-08-24,t,USD 141.39
3005946,2026-08-31,t,USD 132.06
3005946,2026-09-07,t,USD 119.15
3005946,2026-09-14,t,USD 124.10
3153127,2025-09-22,t,USD 104.51
3153127,2025-09-29,t,USD 105.24
3153127,2025-10-06,t,USD 100.22
3153127,2025-10-13,t,USD 103.32
3153127,2025-10-20,t,USD 103.69
3153127,2025-10-27,t,USD 97.37
3153127,2025-11-03,t,USD 103.29
3153127,2025-11-10,t,USD 105.86
3153127,2025-11-17,t,USD 100.71
3153127,2025-11-24,t,USD 97.54
3153127,2025-12-01,t,USD 110.70
3153127,2025-12-08,t,USD 117.11
3153127,2025-12-15,t,USD 117.11
3153127,2025-12-22,t,USD 116.77
3153127,2025-12-29,t,USD 108.55
3153127,2026-01-05,t,USD 106.42
3153127,2026-01-12,t,USD 105.11
3153127,2026-01-19,t,USD 106.21
3153127,2026-01-26,t,USD 105.59
3153127,2026-02-02,t,USD 100.19
3153127,2026-02-09,t,USD 99.94
3153127,2026-02-16,t,USD 105.25
3153127,2026-02-23,t,USD 101.03
3153127,2026-03-02,t,USD 102.78
3153127,2026-03-09,t,USD 104.99
3153127,2026-03-16,t,USD 102.59
3153127,2026-03-23,t,USD 100.21
3153127,2026-03-30,t,USD 106.50
3153127,2026-04-06,t,USD 100.09
3153127,2026-04-13,t,USD 97.43
3153127,2026-04-20,t,USD 103.86
3153127,2026-04-27,t,USD 105.63
3153127,2026-05-04,t,USD 99.10
3153127,2026-05-11,t,USD 98.50
3153127,2026-05-18,t,USD 101.55
3153127,2026-05-25,t,USD 99.77
3153127,2026-06-01,t,USD 116.82
3153127,2026-06-08,t,USD 117.09
3153127,2026-06-15,t,USD 117.21
3153127,2026-06-22,t,USD 117.21
3153127,2026-06-29,t,USD 112.43
3153127,2026-07-06,t,USD 111.78
3153127,2026-07-13,t,USD 112.29
3153127,2026-07-20,t,USD 109.21
3153127,2026-07-27,t,USD 115.37
3153127,2026-08-03,t,USD 108.00
3153127,2026-08-10,t,USD 114.40
3153127,2026-08-17,t,USD 111.19
3153127,2026-08-24,t,USD 107.86
3153127,2026-08-31,t,USD 112.23
3153127,2026-09-07,t,USD 98.48
3153127,2026-09-14,t,USD 105.12
3270926,2025-09-22,f,USD 551.57
3270926,2025-09-29,f,USD 573.45
3270926,2025-10-06,f,USD 571.55
3270926,2025-10-13,f,USD 586.13
3270926,2025-10-20,f,USD 584.22
3270926,2025-10-27,f,USD 532.37
3270926,2025-11-03,f,USD 535.71
3270926,2025-11-10,t,USD 572.43
3270926,2025-11-17,f,USD 532.16
3270926,2025-11-24,f,USD 554.03
3270926,2025-12-01,f,USD 621.22
3270926,2025-12-08,f,USD 632.20
3270926,2025-12-15,t,USD 604.78
3270926,2025-12-22,f,USD 635.77
3270926,2025-12-29,f,USD 624.57
3270926,2026-01-05,t,USD 574.58
3270926,2026-01-12,t,USD 538.63
3270926,2026-01-19,t,USD 533.96
3270926,2026-01-26,t,USD 551.84
3270926,2026-02-02,t,USD 582.87
3270926,2026-02-09,t,USD 543.40
3270926,2026-02-16,t,USD 583.53
3270926,2026-02-23,t,USD 583.75
3270926,2026-03-02,t,USD 546.84
3270926,2026-03-09,t,USD 533.34
3270926,2026-03-16,t,USD 534.46
3270926,2026-03-23,t,USD 557.55
3270926,2026-03-30,t,USD 568.57
3270926,2026-04-06,t,USD 534.47
3270926,2026-04-13,t,USD 572.69
3270926,2026-04-20,t,USD 559.08
3270926,2026-04-27,t,USD 551.24
3270926,2026-05-04,t,USD 543.47
3270926,2026-05-11,t,USD 547.82
3270926,2026-05-18,t,USD 559.96
3270926,2026-05-25,t,USD 579.90
3270926,2026-06-01,t,USD 634.54
3270926,2026-06-08,t,USD 626.71
3270926,2026-06-15,t,USD 637.88
3270926,2026-06-22,t,USD 616.02
3270926,2026-06-29,f,USD 641.67
3270926,2026-07-06,t,USD 608.41
3270926,2026-07-13,t,USD 637.56
3270926,2026-07-20,t,USD 594.55
3270926,2026-07-27,f,USD 606.35
3270926,2026-08-03,t,USD 629.22
3270926,2026-08-10,t,USD 619.21
3270926,2026-08-17,t,USD 590.98
3270926,2026-08-24,t,USD 640.27
3270926,2026-08-31,t,USD 593.74
3270926,2026-09-07,t,USD 537.03
3270926,2026-09-14,t,USD 564.58
1637688,2025-09-22,f,USD 193.60
1637688,2025-09-29,f,USD 201.51
1637688,2025-10-06,f,USD 191.17
1637688,2025-10-13,f,USD 206.89
1637688,2025-10-20,f,USD 198.54
1637688,2025-10-27,f,USD 191.40
1637688,2025-11-03,t,USD 202.71
1637688,2025-11-10,t,USD 206.47
1637688,2025-11-17,t,USD 208.63
1637688,2025-11-24,t,USD 196.81
1637688,2025-12-01,f,USD 218.51
1637688,2025-12-08,f,USD 224.14
1637688,2025-12-15,f,USD 228.01
1637688,2025-12-22,f,USD 217.51
1637688,2025-12-29,f,USD 226.84
1637688,2026-01-05,f,USD 202.51
1637688,2026-01-12,f,USD 196.29
1637688,2026-01-19,f,USD 203.92
1637688,2026-01-26,f,USD 208.24
1637688,2026-02-02,f,USD 206.92
1637688,2026-02-09,f,USD 205.40
1637688,2026-02-16,f,USD 195.59
1637688,2026-02-23,f,USD 205.22
1637688,2026-03-02,f,USD 192.80
1637688,2026-03-09,f,USD 199.57
1637688,2026-03-16,f,USD 203.44
1637688,2026-03-23,f,USD 198.75
1637688,2026-03-30,f,USD 195.08
1637688,2026-04-06,f,USD 191.08
1637688,2026-04-13,f,USD 206.32
1637688,2026-04-20,f,USD 193.45
1637688,2026-04-27,f,USD 203.67
1637688,2026-05-04,t,USD 200.10
1637688,2026-05-11,t,USD 208.19
1637688,2026-05-18,t,USD 208.65
1637688,2026-05-25,t,USD 202.67
1637688,2026-06-01,t,USD 217.19
1637688,2026-06-08,t,USD 213.78
1637688,2026-06-15,t,USD 227.35
1637688,2026-06-22,t,USD 220.39
1637688,2026-06-29,t,USD 225.75
1637688,2026-07-06,t,USD 218.44
1637688,2026-07-13,t,USD 212.34
1637688,2026-07-20,t,USD 229.22
1637688,2026-07-27,t,USD 211.13
1637688,2026-08-03,t,USD 223.63
1637688,2026-08-10,t,USD 225.93
1637688,2026-08-17,t,USD 220.33
1637688,2026-08-24,t,USD 219.63
1637688,2026-08-31,t,USD 220.65
1637688,2026-09-07,t,USD 193.47
1637688,2026-09-14,t,USD 193.83
3406684,2025-09-22,t,USD 514.74
3406684,2025-09-29,f,USD 532.18
3406684,2025-10-06,f,USD 540.34
3406684,2025-10-13,f,USD 522.54
3406684,2025-10-20,f,USD 512.38
3406684,2025-10-27,t,USD 536.36
3406684,2025-11-03,f,USD 510.32
3406684,2025-11-10,f,USD 552.93
3406684,2025-11-17,t,USD 534.13
3406684,2025-11-24,f,USD 558.29
3406684,2025-12-01,f,USD 574.16
3406684,2025-12-08,f,USD 615.28
3406684,2025-12-15,t,USD 565.53
3406684,2025-12-22,f,USD 566.43
3406684,2025-12-29,f,USD 576.52
3406684,2026-01-05,f,USD 509.87
3406684,2026-01-12,t,USD 540.63
3406684,2026-01-19,t,USD 513.49
3406684,2026-01-26,t,USD 555.93
3406684,2026-02-02,t,USD 543.99
3406684,2026-02-09,t,USD 528.18
3406684,2026-02-16,t,USD 538.57
3406684,2026-02-23,t,USD 525.65
3406684,2026-03-02,t,USD 541.45
3406684,2026-03-09,t,USD 543.21
3406684,2026-03-16,f,USD 559.17
3406684,2026-03-23,t,USD 530.69
3406684,2026-03-30,f,USD 547.14
3406684,2026-04-06,t,USD 561.10
3406684,2026-04-13,t,USD 509.32
3406684,2026-04-20,f,USD 550.15
3406684,2026-04-27,f,USD 515.14
3406684,2026-05-04,f,USD 512.37
3406684,2026-05-11,t,USD 554.24
3406684,2026-05-18,t,USD 537.45
3406684,2026-05-25,f,USD 523.82
3406684,2026-06-01,t,USD 601.44
3406684,2026-06-08,t,USD 582.31
3406684,2026-06-15,f,USD 589.65
3406684,2026-06-22,t,USD 601.61
3406684,2026-06-29,t,USD 611.25
3406684,2026-07-06,t,USD 598.91
3406684,2026-07-13,f,USD 602.49
3406684,2026-07-20,t,USD 580.14
3406684,2026-07-27,t,USD 596.81
3406684,2026-08-03,t,USD 601.72
3406684,2026-08-10,t,USD 580.95
3406684,2026-08-17,t,USD 589.88
3406684,2026-08-24,t,USD 571.64
3406684,2026-08-31,t,USD 611.80
3406684,2026-09-07,f,USD 560.80
3406684,2026-09-14,t,USD 538.61
3457965,2025-09-22,t,USD 478.40
3457965,2025-09-29,f,USD 478.66
3457965,2025-10-06,f,USD 493.91
3457965,2025-10-13,f,USD 515.22
3457965,2025-10-20,t,USD 514.57
3457965,2025-10-27,f,USD 507.08
3457965,2025-11-03,t,USD 476.06
3457965,2025-11-10,t,USD 483.59
3457965,2025-11-17,f,USD 507.01
3457965,2025-11-24,f,USD 483.59
3457965,2025-12-01,t,USD 558.71
3457965,2025-12-08,t,USD 564.38
3457965,2025-12-15,t,USD 548.83
3457965,2025-12-22,t,USD 527.60
3457965,2025-12-29,f,USD 552.30
3457965,2026-01-05,t,USD 517.32
3457965,2026-01-12,t,USD 479.58
3457965,2026-01-19,t,USD 482.25
3457965,2026-01-26,t,USD 497.86
3457965,2026-02-02,t,USD 503.14
3457965,2026-02-09,t,USD 489.51
3457965,2026-02-16,t,USD 498.79
3457965,2026-02-23,t,USD 478.39
3457965,2026-03-02,t,USD 499.54
3457965,2026-03-09,t,USD 473.79
3457965,2026-03-16,t,USD 514.46
3457965,2026-03-23,t,USD 492.77
3457965,2026-03-30,t,USD 493.97
3457965,2026-04-06,t,USD 509.64
3457965,2026-04-13,t,USD 479.46
3457965,2026-04-20,t,USD 484.50
3457965,2026-04-27,t,USD 512.87
3457965,2026-05-04,t,USD 511.30
3457965,2026-05-11,t,USD 479.81
3457965,2026-05-18,t,USD 505.29
3457965,2026-05-25,t,USD 477.07
3457965,2026-06-01,t,USD 557.05
3457965,2026-06-08,t,USD 529.94
3457965,2026-06-15,f,USD 560.64
3457965,2026-06-22,f,USD 546.09
3457965,2026-06-29,t,USD 533.08
3457965,2026-07-06,t,USD 528.33
3457965,2026-07-13,t,USD 536.14
3457965,2026-07-20,t,USD 569.90
3457965,2026-07-27,t,USD 547.50
3457965,2026-08-03,t,USD 561.56
3457965,2026-08-10,t,USD 528.02
3457965,2026-08-17,t,USD 572.32
3457965,2026-08-24,t,USD 562.22
3457965,2026-08-31,t,USD 563.75
3457965,2026-09-07,t,USD 504.06
3457965,2026-09-14,t,USD 497.48
4265366,2025-09-22,t,USD 61.45
4265366,2025-09-29,t,USD 62.87
4265366,2025-10-06,t,USD 62.19
4265366,2025-10-13,t,USD 64.69
4265366,2025-10-20,t,USD 66.55
4265366,2025-10-27,t,USD 61.94
4265366,2025-11-03,t,USD 62.50
4265366,2025-11-10,t,USD 66.43
4265366,2025-11-17,t,USD 63.94
4265366,2025-11-24,t,USD 66.37
4265366,2025-12-01,t,USD 73.44
4265366,2025-12-08,t,USD 68.20
4265366,2025-12-15,t,USD 73.60
4265366,2025-12-22,t,USD 72.41
4265366,2025-12-29,t,USD 67.45
4265366,2026-01-05,t,USD 61.38
4265366,2026-01-12,t,USD 61.92
4265366,2026-01-19,t,USD 62.41
4265366,2026-01-26,t,USD 65.10
4265366,2026-02-02,t,USD 64.86
4265366,2026-02-09,t,USD 63.08
4265366,2026-02-16,t,USD 66.74
4265366,2026-02-23,t,USD 62.14
4265366,2026-03-02,t,USD 63.04
4265366,2026-03-09,t,USD 67.08
4265366,2026-03-16,t,USD 64.69
4265366,2026-03-23,t,USD 61.60
4265366,2026-03-30,t,USD 64.24
4265366,2026-04-06,t,USD 63.17
4265366,2026-04-13,t,USD 63.99
4265366,2026-04-20,t,USD 65.36
4265366,2026-04-27,t,USD 66.95
4265366,2026-05-04,t,USD 61.29
4265366,2026-05-11,t,USD 62.44
4265366,2026-05-18,t,USD 66.60
4265366,2026-05-25,t,USD 64.25
4265366,2026-06-01,t,USD 67.43
4265366,2026-06-08,t,USD 70.19
4265366,2026-06-15,t,USD 71.04
4265366,2026-06-22,t,USD 71.99
4265366,2026-06-29,t,USD 67.45
4265366,2026-07-06,t,USD 73.26
4265366,2026-07-13,t,USD 69.21
4265366,2026-07-20,t,USD 70.41
4265366,2026-07-27,t,USD 69.82
4265366,2026-08-03,t,USD 73.56
4265366,2026-08-10,t,USD 72.14
4265366,2026-08-17,t,USD 67.94
4265366,2026-08-24,t,USD 71.57
4265366,2026-08-31,t,USD 72.58
4265366,2026-09-07,t,USD 61.29
4265366,2026-09-14,t,USD 66.83
3998944,2025-09-22,t,USD 237.85
3998944,2025-09-29,t,USD 227.49
3998944,2025-10-06,t,USD 224.02
3998944,2025-10-13,t,USD 234.55
3998944,2025-10-20,t,USD 232.68
3998944,2025-10-27,t,USD 221.05
3998944,2025-11-03,t,USD 226.83
3998944,2025-11-10,t,USD 235.14
3998944,2025-11-17,t,USD 220.52
3998944,2025-11-24,t,USD 232.74
3998944,2025-12-01,t,USD 244.69
3998944,2025-12-08,t,USD 248.26
3998944,2025-12-15,t,USD 263.74
3998944,2025-12-22,t,USD 246.89
3998944,2025-12-29,t,USD 256.05
3998944,2026-01-05,t,USD 224.17
3998944,2026-01-12,t,USD 228.61
3998944,2026-01-19,t,USD 227.69
3998944,2026-01-26,t,USD 229.56
3998944,2026-02-02,t,USD 237.52
3998944,2026-02-09,t,USD 227.35
3998944,2026-02-16,t,USD 238.10
3998944,2026-02-23,t,USD 236.00
3998944,2026-03-02,t,USD 220.97
3998944,2026-03-09,t,USD 235.69
3998944,2026-03-16,t,USD 238.93
3998944,2026-03-23,t,USD 228.02
3998944,2026-03-30,t,USD 238.01
3998944,2026-04-06,t,USD 239.84
3998944,2026-04-13,t,USD 236.86
3998944,2026-04-20,t,USD 241.20
3998944,2026-04-27,t,USD 238.20
3998944,2026-05-04,t,USD 232.96
3998944,2026-05-11,t,USD 227.43
3998944,2026-05-18,t,USD 220.11
3998944,2026-05-25,t,USD 240.37
3998944,2026-06-01,t,USD 258.84
3998944,2026-06-08,t,USD 256.95
3998944,2026-06-15,t,USD 244.11
3998944,2026-06-22,t,USD 257.56
3998944,2026-06-29,t,USD 250.11
3998944,2026-07-06,t,USD 260.77
3998944,2026-07-13,t,USD 262.05
3998944,2026-07-20,t,USD 254.76
3998944,2026-07-27,t,USD 245.71
3998944,2026-08-03,t,USD 247.18
3998944,2026-08-10,t,USD 259.00
3998944,2026-08-17,t,USD 255.16
3998944,2026-08-24,t,USD 259.29
3998944,2026-08-31,t,USD 259.57
3998944,2026-09-07,t,USD 222.89
3998944,2026-09-14,t,USD 226.58
4567048,2025-09-22,f,USD 46.77
4567048,2025-09-29,f,USD 50.17
4567048,2025-10-06,f,USD 49.72
4567048,2025-10-13,t,USD 47.82
4567048,2025-10-20,t,USD 47.51
4567048,2025-10-27,t,USD 50.33
4567048,2025-11-03,t,USD 50.45
4567048,2025-11-10,t,USD 48.86
4567048,2025-11-17,t,USD 47.09
4567048,2025-11-24,t,USD 47.06
4567048,2025-12-01,t,USD 54.11
4567048,2025-12-08,t,USD 52.93
4567048,2025-12-15,t,USD 54.79
4567048,2025-12-22,t,USD 53.61
4567048,2025-12-29,t,USD 51.55
4567048,2026-01-05,t,USD 48.72
4567048,2026-01-12,t,USD 50.80
4567048,2026-01-19,t,USD 48.80
4567048,2026-01-26,t,USD 49.43
4567048,2026-02-02,t,USD 51.12
4567048,2026-02-09,t,USD 48.59
4567048,2026-02-16,t,USD 47.84
4567048,2026-02-23,t,USD 51.17
4567048,2026-03-02,t,USD 50.18
4567048,2026-03-09,t,USD 49.97
4567048,2026-03-16,t,USD 47.10
4567048,2026-03-23,t,USD 50.58
4567048,2026-03-30,t,USD 49.28
4567048,2026-04-06,t,USD 48.02
4567048,2026-04-13,t,USD 50.56
4567048,2026-04-20,t,USD 50.50
4567048,2026-04-27,t,USD 51.00
4567048,2026-05-04,t,USD 50.66
4567048,2026-05-11,t,USD 48.16
4567048,2026-05-18,t,USD 47.98
4567048,2026-05-25,t,USD 47.46
4567048,2026-06-01,t,USD 53.89
4567048,2026-06-08,t,USD 53.19
4567048,2026-06-15,t,USD 51.60
4567048,2026-06-22,t,USD 54.66
4567048,2026-06-29,t,USD 55.91
4567048,2026-07-06,t,USD 52.51
4567048,2026-07-13,t,USD 55.81
4567048,2026-07-20,t,USD 56.21
4567048,2026-07-27,t,USD 52.35
4567048,2026-08-03,t,USD 53.82
4567048,2026-08-10,t,USD 53.44
4567048,2026-08-17,t,USD 51.87
4567048,2026-08-24,t,USD 53.88
4567048,2026-08-31,t,USD 52.13
4567048,2026-09-07,t,USD 47.36
4567048,2026-09-14,t,USD 48.84
4183585,2025-09-22,t,USD 689.95
4183585,2025-09-29,t,USD 691.73
4183585,2025-10-06,f,USD 710.73
4183585,2025-10-13,t,USD 727.36
4183585,2025-10-20,f,USD 752.58
4183585,2025-10-27,t,USD 754.95
4183585,2025-11-03,t,USD 709.04
4183585,2025-11-10,f,USD 732.36
4183585,2025-11-17,t,USD 708.17
4183585,2025-11-24,t,USD 733.61
4183585,2025-12-01,t,USD 806.30
4183585,2025-12-08,f,USD 798.48
4183585,2025-12-15,f,USD 814.94
4183585,2025-12-22,f,USD 822.87
4183585,2025-12-29,f,USD 776.20
4183585,2026-01-05,t,USD 712.61
4183585,2026-01-12,t,USD 728.96
4183585,2026-01-19,t,USD 715.65
4183585,2026-01-26,t,USD 727.19
4183585,2026-02-02,t,USD 745.27
4183585,2026-02-09,t,USD 752.86
4183585,2026-02-16,f,USD 694.84
4183585,2026-02-23,t,USD 741.41
4183585,2026-03-02,t,USD 739.82
4183585,2026-03-09,t,USD 731.09
4183585,2026-03-16,t,USD 712.92
4183585,2026-03-23,t,USD 720.43
4183585,2026-03-30,t,USD 713.73
4183585,2026-04-06,t,USD 735.16
4183585,2026-04-13,t,USD 725.69
4183585,2026-04-20,t,USD 718.35
4183585,2026-04-27,t,USD 717.65
4183585,2026-05-04,t,USD 723.88
4183585,2026-05-11,t,USD 729.00
4183585,2026-05-18,t,USD 700.02
4183585,2026-05-25,t,USD 732.77
4183585,2026-06-01,f,USD 765.04
4183585,2026-06-08,t,USD 764.38
4183585,2026-06-15,f,USD 763.84
4183585,2026-06-22,t,USD 776.03
4183585,2026-06-29,t,USD 808.11
4183585,2026-07-06,t,USD 761.84
4183585,2026-07-13,t,USD 814.88
4183585,2026-07-20,t,USD 760.63
4183585,2026-07-27,t,USD 792.51
4183585,2026-08-03,t,USD 768.67
4183585,2026-08-10,t,USD 791.84
4183585,2026-08-17,t,USD 827.78
4183585,2026-08-24,t,USD 812.15
4183585,2026-08-31,t,USD 781.45
4183585,2026-09-07,t,USD 695.28
4183585,2026-09-14,t,USD 750.67
4680371,2025-09-22,f,USD 354.37
4680371,2025-09-29,t,USD 334.57
4680371,2025-10-06,t,USD 336.79
4680371,2025-10-13,t,USD 332.78
4680371,2025-10-20,t,USD 353.24
4680371,2025-10-27,t,USD 341.88
4680371,2025-11-03,t,USD 343.99
4680371,2025-11-10,t,USD 348.60
4680371,2025-11-17,t,USD 346.59
4680371,2025-11-24,f,USD 357.02
4680371,2025-12-01,f,USD 366.76
4680371,2025-12-08,t,USD 386.12
4680371,2025-12-15,t,USD 376.80
4680371,2025-12-22,t,USD 368.28
4680371,2025-12-29,f,USD 388.87
4680371,2026-01-05,t,USD 334.61
4680371,2026-01-12,t,USD 349.78
4680371,2026-01-19,t,USD 344.45
4680371,2026-01-26,t,USD 363.20
4680371,2026-02-02,t,USD 360.65
4680371,2026-02-09,t,USD 360.78
4680371,2026-02-16,t,USD 336.30
4680371,2026-02-23,t,USD 347.12
4680371,2026-03-02,t,USD 346.29
4680371,2026-03-09,t,USD 356.62
4680371,2026-03-16,t,USD 343.79
4680371,2026-03-23,t,USD 362.07
4680371,2026-03-30,t,USD 334.64
4680371,2026-04-06,t,USD 356.23
4680371,2026-04-13,f,USD 354.08
4680371,2026-04-20,t,USD 333.91
4680371,2026-04-27,t,USD 336.36
4680371,2026-05-04,t,USD 343.57
4680371,2026-05-11,t,USD 341.42
4680371,2026-05-18,t,USD 341.10
4680371,2026-05-25,t,USD 356.64
4680371,2026-06-01,t,USD 388.29
4680371,2026-06-08,t,USD 378.42
4680371,2026-06-15,t,USD 372.71
4680371,2026-06-22,t,USD 365.06
4680371,2026-06-29,t,USD 396.73
4680371,2026-07-06,t,USD 389.75
4680371,2026-07-13,t,USD 376.53
4680371,2026-07-20,t,USD 378.47
4680371,2026-07-27,t,USD 366.88
4680371,2026-08-03,t,USD 394.55
4680371,2026-08-10,t,USD 371.36
4680371,2026-08-17,t,USD 368.15
4680371,2026-08-24,t,USD 374.18
4680371,2026-08-31,t,USD 367.19
4680371,2026-09-07,t,USD 344.28
4680371,2026-09-14,t,USD 330.70
4692062,2025-09-22,f,USD 626.30
4692062,2025-09-29,f,USD 655.58
4692062,2025-10-06,f,USD 681.65
4692062,2025-10-13,f,USD 655.96
4692062,2025-10-20,f,USD 683.96
4692062,2025-10-27,f,USD 642.48
4692062,2025-11-03,f,USD 637.55
4692062,2025-11-10,f,USD 623.33
4692062,2025-11-17,f,USD 638.28
4692062,2025-11-24,f,USD 636.49
4692062,2025-12-01,f,USD 720.67
4692062,2025-12-08,f,USD 697.43
4692062,2025-12-15,f,USD 723.18
4692062,2025-12-22,f,USD 742.05
4692062,2025-12-29,f,USD 694.31
4692062,2026-01-05,f,USD 667.74
4692062,2026-01-12,f,USD 684.22
4692062,2026-01-19,f,USD 677.97
4692062,2026-01-26,f,USD 645.79
4692062,2026-02-02,f,USD 674.25
4692062,2026-02-09,f,USD 653.83
4692062,2026-02-16,f,USD 684.12
4692062,2026-02-23,f,USD 669.98
4692062,2026-03-02,f,USD 678.38
4692062,2026-03-09,f,USD 644.57
4692062,2026-03-16,f,USD 627.62
4692062,2026-03-23,f,USD 652.70
4692062,2026-03-30,f,USD 669.83
4692062,2026-04-06,f,USD 685.19
4692062,2026-04-13,f,USD 630.00
4692062,2026-04-20,f,USD 682.96
4692062,2026-04-27,f,USD 671.34
4692062,2026-05-04,f,USD 670.95
4692062,2026-05-11,f,USD 639.29
4692062,2026-05-18,f,USD 633.65
4692062,2026-05-25,f,USD 660.87
4692062,2026-06-01,f,USD 748.04
4692062,2026-06-08,f,USD 745.76
4692062,2026-06-15,f,USD 734.25
4692062,2026-06-22,f,USD 713.00
4692062,2026-06-29,f,USD 689.40
4692062,2026-07-06,f,USD 723.95
4692062,2026-07-13,f,USD 732.75
4692062,2026-07-20,f,USD 690.68
4692062,2026-07-27,f,USD 734.49
4692062,2026-08-03,f,USD 722.86
4692062,2026-08-10,f,USD 742.37
4692062,2026-08-17,f,USD 740.88
4692062,2026-08-24,f,USD 721.19
4692062,2026-08-31,f,USD 711.08
4692062,2026-09-07,f,USD 638.55
4692062,2026-09-14,f,USD 654.61
4758288,2025-09-22,f,USD 201.56
4758288,2025-09-29,f,USD 196.21
4758288,2025-10-06,f,USD 194.02
4758288,2025-10-13,f,USD 194.85
4758288,2025-10-20,f,USD 193.58
4758288,2025-10-27,f,USD 197.95
4758288,2025-11-03,t,USD 199.28
4758288,2025-11-10,t,USD 208.66
4758288,2025-11-17,t,USD 208.73
4758288,2025-11-24,t,USD 203.53
4758288,2025-12-01,t,USD 214.74
4758288,2025-12-08,t,USD 223.67
4758288,2025-12-15,t,USD 227.78
4758288,2025-12-22,t,USD 220.24
4758288,2025-12-29,t,USD 225.02
4758288,2026-01-05,t,USD 209.66
4758288,2026-01-12,t,USD 205.98
4758288,2026-01-19,t,USD 190.44
4758288,2026-01-26,t,USD 205.78
4758288,2026-02-02,t,USD 198.73
4758288,2026-02-09,t,USD 201.86
4758288,2026-02-16,t,USD 206.94
4758288,2026-02-23,t,USD 190.35
4758288,2026-03-02,t,USD 205.61
4758288,2026-03-09,t,USD 204.45
4758288,2026-03-16,t,USD 201.73
4758288,2026-03-23,t,USD 207.80
4758288,2026-03-30,t,USD 205.32
4758288,2026-04-06,t,USD 199.32
4758288,2026-04-13,t,USD 204.18
4758288,2026-04-20,t,USD 199.74
4758288,2026-04-27,t,USD 203.76
4758288,2026-05-04,t,USD 200.12
4758288,2026-05-11,t,USD 207.34
4758288,2026-05-18,t,USD 197.15
4758288,2026-05-25,t,USD 199.24
4758288,2026-06-01,t,USD 217.20
4758288,2026-06-08,t,USD 217.39
4758288,2026-06-15,t,USD 214.79
4758288,2026-06-22,t,USD 219.13
4758288,2026-06-29,t,USD 223.32
4758288,2026-07-06,t,USD 229.06
4758288,2026-07-13,t,USD 225.40
4758288,2026-07-20,t,USD 210.15
4758288,2026-07-27,t,USD 229.71
4758288,2026-08-03,t,USD 220.88
4758288,2026-08-10,t,USD 218.39
4758288,2026-08-17,t,USD 217.10
4758288,2026-08-24,t,USD 224.22
4758288,2026-08-31,t,USD 222.44
4758288,2026-09-07,t,USD 193.66
4758288,2026-09-14,t,USD 205.41
5461289,2025-09-22,f,USD 260.71
5461289,2025-09-29,t,USD 250.50
5461289,2025-10-06,f,USD 253.75
5461289,2025-10-13,t,USD 249.96
5461289,2025-10-20,f,USD 259.43
5461289,2025-10-27,t,USD 256.13
5461289,2025-11-03,f,USD 256.69
5461289,2025-11-10,t,USD 243.74
5461289,2025-11-17,t,USD 238.61
5461289,2025-11-24,t,USD 240.68
5461289,2025-12-01,t,USD 278.19
5461289,2025-12-08,t,USD 266.55
5461289,2025-12-15,f,USD 281.54
5461289,2025-12-22,f,USD 271.14
5461289,2025-12-29,t,USD 283.79
5461289,2026-01-05,t,USD 254.74
5461289,2026-01-12,t,USD 257.43
5461289,2026-01-19,t,USD 256.35
5461289,2026-01-26,t,USD 249.42
5461289,2026-02-02,t,USD 242.06
5461289,2026-02-09,t,USD 259.62
5461289,2026-02-16,f,USD 240.64
5461289,2026-02-23,t,USD 246.43
5461289,2026-03-02,f,USD 251.80
5461289,2026-03-09,t,USD 250.69
5461289,2026-03-16,t,USD 255.87
5461289,2026-03-23,t,USD 249.91
5461289,2026-03-30,t,USD 247.26
5461289,2026-04-06,t,USD 244.38
5461289,2026-04-13,t,USD 247.86
5461289,2026-04-20,t,USD 237.71
5461289,2026-04-27,t,USD 241.16
5461289,2026-05-04,t,USD 240.35
5461289,2026-05-11,t,USD 255.65
5461289,2026-05-18,t,USD 245.55
5461289,2026-05-25,t,USD 249.97
5461289,2026-06-01,t,USD 285.35
5461289,2026-06-08,t,USD 270.17
5461289,2026-06-15,t,USD 279.46
5461289,2026-06-22,t,USD 265.61
5461289,2026-06-29,t,USD 277.55
5461289,2026-07-06,t,USD 280.36
5461289,2026-07-13,t,USD 272.67
5461289,2026-07-20,t,USD 265.78
5461289,2026-07-27,t,USD 268.82
5461289,2026-08-03,t,USD 263.75
5461289,2026-08-10,t,USD 263.09
5461289,2026-08-17,t,USD 276.24
5461289,2026-08-24,t,USD 268.36
5461289,2026-08-31,t,USD 283.70
5461289,2026-09-07,t,USD 245.93
5461289,2026-09-14,t,USD 262.32
5630368,2025-09-22,f,USD 87.90
5630368,2025-09-29,f,USD 82.42
5630368,2025-10-06,f,USD 80.44
5630368,2025-10-13,t,USD 86.24
5630368,2025-10-20,t,USD 82.37
5630368,2025-10-27,t,USD 84.02
5630368,2025-11-03,t,USD 82.50
5630368,2025-11-10,f,USD 81.72
5630368,2025-11-17,t,USD 86.79
5630368,2025-11-24,t,USD 81.82
5630368,2025-12-01,f,USD 96.40
5630368,2025-12-08,t,USD 92.89
5630368,2025-12-15,f,USD 95.01
5630368,2025-12-22,f,USD 95.45
5630368,2025-12-29,f,USD 95.33
5630368,2026-01-05,t,USD 86.64
5630368,2026-01-12,t,USD 87.27
5630368,2026-01-19,t,USD 87.18
5630368,2026-01-26,t,USD 82.94
5630368,2026-02-02,t,USD 84.58
5630368,2026-02-09,t,USD 79.87
5630368,2026-02-16,t,USD 87.35
5630368,2026-02-23,t,USD 83.70
5630368,2026-03-02,t,USD 86.39
5630368,2026-03-09,t,USD 86.53
5630368,2026-03-16,t,USD 82.05
5630368,2026-03-23,t,USD 87.43
5630368,2026-03-30,t,USD 81.98
5630368,2026-04-06,t,USD 83.57
5630368,2026-04-13,t,USD 85.00
5630368,2026-04-20,t,USD 81.95
5630368,2026-04-27,t,USD 80.76
5630368,2026-05-04,t,USD 84.13
5630368,2026-05-11,t,USD 87.90
5630368,2026-05-18,t,USD 81.28
5630368,2026-05-25,t,USD 80.65
5630368,2026-06-01,t,USD 93.87
5630368,2026-06-08,t,USD 89.78
5630368,2026-06-15,t,USD 91.88
5630368,2026-06-22,t,USD 89.08
5630368,2026-06-29,t,USD 96.03
5630368,2026-07-06,t,USD 96.41
5630368,2026-07-13,t,USD 93.70
5630368,2026-07-20,t,USD 89.35
5630368,2026-07-27,t,USD 96.58
5630368,2026-08-03,t,USD 91.44
5630368,2026-08-10,t,USD 91.04
5630368,2026-08-17,t,USD 88.63
5630368,2026-08-24,t,USD 92.75
5630368,2026-08-31,t,USD 89.09
5630368,2026-09-07,t,USD 86.39
5630368,2026-09-14,t,USD 87.13
5643985,2025-09-22,f,USD 286.39
5643985,2025-09-29,f,USD 297.17
5643985,2025-10-06,f,USD 296.88
5643985,2025-10-13,f,USD 290.44
5643985,2025-10-20,f,USD 310.55
5643985,2025-10-27,f,USD 294.19
5643985,2025-11-03,f,USD 299.23
5643985,2025-11-10,t,USD 293.45
5643985,2025-11-17,f,USD 296.86
5643985,2025-11-24,t,USD 287.05
5643985,2025-12-01,t,USD 343.27
5643985,2025-12-08,t,USD 325.42
5643985,2025-12-15,t,USD 342.52
5643985,2025-12-22,t,USD 329.95
5643985,2025-12-29,f,USD 315.67
5643985,2026-01-05,f,USD 289.22
5643985,2026-01-12,f,USD 299.63
5643985,2026-01-19,f,USD 286.63
5643985,2026-01-26,f,USD 295.53
5643985,2026-02-02,t,USD 305.33
5643985,2026-02-09,t,USD 303.63
5643985,2026-02-16,t,USD 301.71
5643985,2026-02-23,t,USD 305.67
5643985,2026-03-02,t,USD 292.39
5643985,2026-03-09,t,USD 302.05
5643985,2026-03-16,t,USD 307.78
5643985,2026-03-23,t,USD 297.38
5643985,2026-03-30,t,USD 297.54
5643985,2026-04-06,t,USD 305.61
5643985,2026-04-13,t,USD 310.45
5643985,2026-04-20,t,USD 314.19
5643985,2026-04-27,t,USD 310.59
5643985,2026-05-04,t,USD 306.76
5643985,2026-05-11,t,USD 290.70
5643985,2026-05-18,t,USD 296.98
5643985,2026-05-25,t,USD 311.82
5643985,2026-06-01,t,USD 315.65
5643985,2026-06-08,t,USD 326.33
5643985,2026-06-15,t,USD 336.58
5643985,2026-06-22,t,USD 318.63
5643985,2026-06-29,t,USD 324.79
5643985,2026-07-06,t,USD 319.20
5643985,2026-07-13,t,USD 335.67
5643985,2026-07-20,t,USD 335.27
5643985,2026-07-27,t,USD 329.50
5643985,2026-08-03,t,USD 318.69
5643985,2026-08-10,t,USD 319.56
5643985,2026-08-17,t,USD 333.05
5643985,2026-08-24,t,USD 323.26
5643985,2026-08-31,t,USD 334.99
5643985,2026-09-07,t,USD 292.65
5643985,2026-09-14,t,USD 301.50
6044141,2025-09-22,t,USD 712.14
6044141,2025-09-29,f,USD 672.66
6044141,2025-10-06,f,USD 698.42
6044141,2025-10-13,t,USD 695.09
6044141,2025-10-20,f,USD 681.77
6044141,2025-10-27,t,USD 729.17
6044141,2025-11-03,t,USD 691.12
6044141,2025-11-10,t,USD 670.63
6044141,2025-11-17,t,USD 697.61
6044141,2025-11-24,f,USD 724.16
6044141,2025-12-01,t,USD 777.44
6044141,2025-12-08,f,USD 794.29
6044141,2025-12-15,f,USD 791.38
6044141,2025-12-22,f,USD 748.27
6044141,2025-12-29,f,USD 809.51
6044141,2026-01-05,t,USD 710.30
6044141,2026-01-12,t,USD 700.08
6044141,2026-01-19,f,USD 711.34
6044141,2026-01-26,f,USD 708.37
6044141,2026-02-02,t,USD 737.10
6044141,2026-02-09,f,USD 704.92
6044141,2026-02-16,t,USD 679.11
6044141,2026-02-23,f,USD 724.33
6044141,2026-03-02,t,USD 735.19
6044141,2026-03-09,t,USD 708.53
6044141,2026-03-16,f,USD 729.86
6044141,2026-03-23,t,USD 694.85
6044141,2026-03-30,t,USD 728.00
6044141,2026-04-06,f,USD 688.63
6044141,2026-04-13,t,USD 682.94
6044141,2026-04-20,t,USD 710.07
6044141,2026-04-27,t,USD 724.98
6044141,2026-05-04,t,USD 678.86
6044141,2026-05-11,t,USD 730.79
6044141,2026-05-18,t,USD 691.74
6044141,2026-05-25,t,USD 735.80
6044141,2026-06-01,t,USD 784.72
6044141,2026-06-08,t,USD 739.35
6044141,2026-06-15,f,USD 750.63
6044141,2026-06-22,t,USD 804.14
6044141,2026-06-29,t,USD 801.61
6044141,2026-07-06,t,USD 769.42
6044141,2026-07-13,t,USD 761.64
6044141,2026-07-20,t,USD 788.51
6044141,2026-07-27,t,USD 761.69
6044141,2026-08-03,t,USD 791.72
6044141,2026-08-10,t,USD 809.38
6044141,2026-08-17,f,USD 762.73
6044141,2026-08-24,t,USD 805.70
6044141,2026-08-31,t,USD 778.72
6044141,2026-09-07,t,USD 730.54
6044141,2026-09-14,t,USD 734.91
